Designator,Val,Package,Mid X,Mid Y,Rotation,Layer
C1,22uF,C_0603_1608Metric,120.7,-70.1,-90.0,top
C10,470uF,CP_Elec_10x10.5,154.5,-41.8,0.0,top
C11,0.1uF,C_0603_1608Metric,159.125,-53.4,0.0,top
C12,1uF,C_0805_2012Metric,122.6,-89.2,90.0,top
C13,0.1uF,C_0603_1608Metric,129.6,-88.2,0.0,top
C14,0.1uF,C_0603_1608Metric,128.74,-96.85,0.0,top
C15,0.1uF,C_0603_1608Metric,26.155,-49.31,180.0,top
C16,0.1uF,C_0603_1608Metric,35.28,-59.325,-90.0,top
C2,10uF,C_0805_2012Metric,123.4,-75.1,-90.0,top
C3,1uF,C_0805_2012Metric,147.3,-64.5,-90.0,top
C4,470uF,CP_Elec_10x10.5,155.3,-68.3,90.0,top
C5,330uF,CP_Elec_10x10.5,125.5,-58.5,180.0,top
C6,0.1uF,C_0603_1608Metric,40.1992,-54.7128,0.0,top
C7,470uF,CP_Elec_10x10.5,168.1,-64.0,0.0,top
C8,0.1uF,C_0603_1608Metric,123.3,-38.1,0.0,top
C9,470uF,CP_Elec_10x10.5,168.1,-51.4,0.0,top
D1,LED,LED_0603_1608Metric,115.2,-57.6,-90.0,top
D10,LED,LED_0603_1608Metric,167.1,-148.02,180.0,top
D11,S10MC,D_SMC_larger_pads,151.0,-79.9,180.0,top
D12,1N4007   C727081,SMA(DO-214AC),172.3,-93.4,-90.0,top
D13,SS36,SMA(DO-214AC),170.4,-73.2,0.0,top
D14,BAT42,D_SOD-123,123.5,-102.35,180.0,top
D15,BAT42,D_SOD-123,123.5,-105.9,0.0,top
D16,1N5819  C191023,1N5819,95.54,-95.79,180.0,top
D17,1N5819  C191023,1N5819,80.13,-95.8,180.0,top
D18,1N5819  C191023,1N5819,108.71,-95.82,180.0,top
D2,SS36,SMA(DO-214AC),138.8,-53.9,180.0,top
D3,LED,LED_0603_1608Metric,167.1,-128.56,180.0,top
D4,LED,LED_0603_1608Metric,167.1,-131.34,180.0,top
D5,LED,LED_0603_1608Metric,167.1,-136.9,180.0,top
D6,LED,LED_0603_1608Metric,167.0125,-134.1,180.0,top
D7,LED,LED_0603_1608Metric,167.1,-139.68,180.0,top
D8,LED,LED_0603_1608Metric,167.1,-142.46,180.0,top
D9,LED,LED_0603_1608Metric,167.1,-145.24,180.0,top
F1,C492610,Fuse_Holder_C492610,150.455,-116.845,-90.0,top
F2,C492610,Fuse_Holder_C492610,153.05,-57.4,0.0,top
IC1,AZ1117,SOT230P700X180-4N,126.6,-69.3,0.0,top
IC2,XL2596,TO263-5L,139.5,-66.69075,-90.0,top
J1,Teensy_Ethernet,PinHeader_2x03_P2.00mm_Vertical,52.95,-55.7984,0.0,top
J10,Ground,PowerPinSmall,131.3,-155.8,0.0,top
J11,Ground,PowerPin,141.67,-152.36,0.0,top
J12,776087-1-776087-1,7760871,84.0,-150.5,0.0,top
J13,Conn_01x05,Molex_KK-254_AE-6410-05A_1x05_P2.54mm_Vertical,74.9718,-43.237,0.0,top
J14,HR915310A,CONN8_HR91531_HAN,111.899999,-42.576749,180.0,top
J15,Conn_01x06_Female,PinSocket_1x06_P2.54mm_Vertical,45.33,-51.36,90.0,top
J16,Conn_01x08_Female,PinSocket_1x08_P2.54mm_Vertical,65.65,-51.36,90.0,top
J17,Pressure,PinHeader_1x03_P2.54mm_Vertical,120.6,-146.5,90.0,top
J18,Can Resistor,PinHeader_1x02_P2.54mm_Vertical,32.14,-64.575,180.0,top
J2,Conn_02x02_Counter_Clockwise,PinSocket_2x02_P2.54mm_Vertical,49.43,-40.73,0.0,top
J21,Motor1 GRV,Grove,92.5232,-43.017,180.0,top
J3,I2C-3V3,Qwic_vertical,59.0,-40.8,180.0,top
J4,Conn_01x06_Female,PinSocket_1x06_P2.54mm_Vertical,45.33,-66.6,90.0,top
J5,Conn_01x08_Female,PinSocket_1x08_P2.54mm_Vertical,88.51,-66.6,90.0,top
J6,Conn_01x08_Female,PinSocket_1x08_P2.54mm_Vertical,65.65,-66.6,90.0,top
J7,Conn_01x08_Female,PinSocket_1x08_P2.54mm_Vertical,88.51,-51.36,90.0,top
J8,12V,PowerPinSmall,170.7,-110.0,0.0,top
J9,12V,PowerPin,163.6,-101.9,0.0,top
K1,Relay_SPDT,Songle_SRD-05VDC-SL-C,38.3,-78.7,0.0,top
K2,Relay_SPDT,Songle_SRD-05VDC-SL-C,38.1725,-98.2,0.0,top
K3,Relay_SPDT,Songle_SRD-05VDC-SL-C,44.0,-120.7275,90.0,top
K4,Relay_SPDT,Songle_SRD-05VDC-SL-C,62.5,-122.5275,90.0,top
K5,Relay_SPDT,Songle_SRD-05VDC-SL-C,81.35,-122.5275,90.0,top
K6,Relay_SPDT,Songle_SRD-05VDC-SL-C,100.2,-122.5275,90.0,top
K7,Relay_SPDT,Songle_SRD-05VDC-SL-C,119.05,-122.5275,90.0,top
K8,Relay_SPDT,Songle_SRD-05VDC-SL-C,137.9,-122.5275,90.0,top
KF1,KF142V-5.0-4P,KF142V-5.08-4P,144.79,-94.86,90.0,top
KF2,KF142V-5.0-4P,KF142V-5.08-4P,32.855,-146.335,90.0,top
L1,SMDRI127-680MT,TMPA1265SP-101MN-D,133.6,-42.25,-90.0,top
L2,SMDRI127-680MT,TMPA1265SP-101MN-D,167.5,-82.6,90.0,top
R1,270,R_0603_1608Metric,80.34,-87.99,180.0,top
R10,750,R_0603_1608Metric,162.325,-147.98,180.0,top
R11,150,R_0603_1608Metric,123.375,-49.3,180.0,top
R12,2.2K,R_0603_1608Metric,59.6,-45.8,0.0,top
R13,2.2K,R_0603_1608Metric,58.4,-48.1,0.0,top
R14,500,R_0603_1608Metric,115.2,-61.3,-90.0,top
R15,470,C_0603_1608Metric,121.8,-96.6,0.0,top
R16,120,R_0603_1608Metric,29.08,-67.55,-90.0,top
R17,2K,R_0603_1608Metric,120.95,-142.1,90.0,top
R18,270,R_0603_1608Metric,106.74,-87.98,180.0,top
R19,5.2K,R_0603_1608Metric,117.1,-142.1,-90.0,top
R2,270,R_0603_1608Metric,93.46,-87.93,180.0,top
R20,1K,R_0603_1608Metric,124.8,-142.1,90.0,top
R3,750,R_0603_1608Metric,162.325,-128.52,180.0,top
R4,750,R_0603_1608Metric,162.325,-131.3,180.0,top
R5,750,R_0603_1608Metric,162.375,-136.9,180.0,top
R6,750,R_0603_1608Metric,162.325,-134.1,180.0,top
R7,750,R_0603_1608Metric,162.325,-139.64,180.0,top
R8,750,R_0603_1608Metric,162.325,-142.42,180.0,top
R9,750,R_0603_1608Metric,162.325,-145.2,180.0,top
RV1,27K,Potentiometer,110.3,-70.6,0.0,top
S1,PESD1CAN_215  C15771,DIO_PESD1CAN_215,27.55,-63.245,-90.0,top
U1,PC817  C66405,SMD-4_4.6x7.62mm_P2.54mm,85.88,-91.65,0.0,top
U2,PC817  C66405,SMD-4_4.6x7.62mm_P2.54mm,99.0,-91.65,0.0,top
U3,ULN2803A,ULN2803A,67.3,-84.0,-90.0,top
U4,LM7805_TO220,TO-220-3_Vertical,167.76,-39.8,180.0,top
U5,MCP6002-xP,SOIC127P600X175-8N,127.8,-92.4,0.0,top
U6,PC817  C66405,SMD-4_4.6x7.62mm_P2.54mm,112.12,-91.65,0.0,top
U8,MCP2562-E-P,DIP-8_W7.62mm,28.54,-55.77,-90.0,top
